price,engine,cylinders,fuel,mileage,transmission,trim,body,doors,exterior_color,interior_color,drivetrain,car_age,make_model
74600.0,23,6.0,4,10.0,14,128,6,4.0,223,32,1,1,67
50170.0,62,6.0,4,1.0,14,71,6,4.0,123,32,1,1,63
96410.0,47,8.0,4,0.0,27,41,6,4.0,210,71,1,1,45
46835.0,13,8.0,4,32.0,14,93,6,4.0,225,5,0,2,25
81663.0,19,6.0,0,10.0,6,68,5,4.0,182,5,1,1,104
46000.0,25,6.0,4,3838.0,28,85,6,4.0,223,34,0,1,97
63862.0,23,6.0,4,5.0,14,34,6,4.0,43,5,3,1,67
89978.0,31,8.0,0,15.0,0,72,5,4.0,47,9,1,1,34
42230.0,9,4.0,5,5.0,6,75,6,4.0,226,5,0,1,58
42773.0,66,6.0,4,20.0,27,31,6,4.0,187,32,1,1,63
37743.0,8,4.0,4,0.0,14,73,6,4.0,123,5,1,1,61
60904.0,81,6.0,0,532.0,27,144,5,4.0,93,5,1,1,104
43419.0,16,4.0,4,1.0,16,19,5,4.0,19,18,0,1,54
44022.0,66,6.0,4,12.0,27,31,6,4.0,25,32,1,1,63
38574.0,16,4.0,4,12.0,16,21,5,4.0,38,5,0,1,54
48000.0,25,6.0,4,87.0,28,85,6,4.0,64,2,0,1,97
53190.0,8,4.0,4,15.0,0,139,6,4.0,200,27,1,1,32
32751.0,37,4.0,4,25.0,11,4,6,4.0,34,7,0,1,116
24348.0,37,4.0,4,13.0,17,0,7,4.0,157,72,2,1,115
65221.0,81,6.0,0,344.0,27,144,5,4.0,43,5,1,1,104
39491.0,9,4.0,5,5.0,6,94,6,4.0,103,5,0,1,26
30305.0,14,4.0,4,11.0,14,107,6,4.0,226,5,2,1,57
44120.0,37,4.0,4,0.0,27,41,6,4.0,73,44,0,1,44
33160.0,14,4.0,4,1.0,14,18,5,4.0,38,5,0,1,54
40940.0,8,4.0,4,7.0,0,158,6,4.0,200,27,3,1,32
34084.0,55,4.0,4,12.0,14,75,6,4.0,25,5,1,1,61
58855.0,13,8.0,4,0.0,27,144,5,4.0,91,5,1,1,103
39867.0,25,6.0,4,2.0,28,118,6,4.0,223,33,2,1,97
53595.0,27,6.0,2,10.0,27,10,0,3.0,142,20,3,1,38
59547.0,9,4.0,5,185.0,14,150,6,4.0,70,32,1,2,64
27175.0,37,4.0,4,5.0,17,1,7,4.0,157,72,2,1,115
58610.0,10,8.0,4,0.0,27,99,5,4.0,210,41,1,1,16
29640.0,11,4.0,4,16.0,28,44,6,4.0,203,5,0,1,72
43727.0,21,6.0,4,9.0,23,24,6,4.0,52,41,0,1,14
35870.0,37,4.0,4,0.0,27,112,6,4.0,210,45,0,1,44
64670.0,81,6.0,0,15.0,27,144,5,4.0,43,23,1,1,104
46973.0,73,4.0,4,10.0,27,132,6,4.0,108,5,1,1,69
54905.0,9,4.0,5,1.0,14,150,6,4.0,187,32,1,1,64
50915.0,7,4.0,5,7.0,14,87,6,4.0,121,5,0,1,85
28860.0,8,4.0,4,7.0,14,73,6,4.0,70,5,1,1,61
46835.0,13,8.0,4,21.0,14,93,6,4.0,58,5,0,2,25
24348.0,37,4.0,4,6.0,17,0,7,4.0,156,72,2,1,115
38870.0,7,4.0,5,14.0,6,75,7,4.0,153,18,2,1,56
58709.0,13,8.0,4,15.0,14,94,6,4.0,133,5,0,1,25
42855.0,36,4.0,4,5.0,6,95,6,4.0,2,5,0,1,26
34990.0,8,4.0,4,10.0,23,51,6,4.0,158,5,0,1,26
34835.0,35,4.0,5,9.0,27,44,6,4.0,95,5,0,1,76
35870.0,37,4.0,4,0.0,27,112,6,4.0,210,45,0,1,44
69955.0,28,6.0,4,8.0,0,158,6,4.0,182,9,1,1,31
39581.0,9,4.0,5,5.0,6,94,6,4.0,36,5,0,1,26
49166.0,8,4.0,4,0.0,14,14,6,4.0,22,72,0,1,113
40474.0,86,4.0,4,5.0,27,75,6,4.0,181,34,0,1,57
89450.0,22,6.0,4,10.0,14,164,6,4.0,32,16,0,1,7
28860.0,8,4.0,4,7.0,14,73,6,4.0,123,5,1,1,61
62341.0,61,6.0,5,4357.0,0,75,5,4.0,110,5,1,1,112
24500.0,33,4.0,4,10.0,29,118,6,4.0,17,15,2,1,96
27075.0,2,3.0,4,6.0,6,87,6,4.0,211,27,2,1,11
35975.0,78,3.0,4,4.0,27,118,6,4.0,102,15,0,1,99
36405.0,78,3.0,4,5.0,27,118,6,4.0,65,15,0,1,99
86137.0,76,6.0,4,5.0,27,129,6,4.0,220,32,1,1,68
27969.0,38,4.0,4,0.0,14,103,6,4.0,95,5,2,1,75
63223.0,19,6.0,0,13.0,27,144,5,4.0,43,5,1,1,104
47785.0,13,8.0,4,32.0,14,93,6,4.0,58,5,0,2,25
46000.0,25,6.0,4,5.0,28,85,6,4.0,64,2,0,1,97
96410.0,47,8.0,4,0.0,27,41,6,4.0,210,71,1,1,45
41180.0,78,3.0,4,3.0,27,110,6,4.0,40,15,0,1,99
44720.0,9,4.0,5,5.0,6,94,6,4.0,36,5,0,1,26
28860.0,8,4.0,4,9.0,14,73,6,4.0,123,5,1,1,61
44160.0,25,6.0,4,12.0,14,51,6,4.0,219,5,3,1,25
28469.0,14,4.0,4,0.0,14,107,7,4.0,223,18,0,1,55
58930.0,19,6.0,0,13.0,6,144,5,4.0,43,5,1,1,104
35236.0,8,4.0,4,0.0,23,113,6,4.0,75,41,0,1,44
60555.0,23,6.0,4,5.0,14,34,6,4.0,70,5,3,1,67
0.0,83,6.0,4,14.0,27,91,6,4.0,217,5,0,1,3
66334.0,59,6.0,0,6.0,27,146,5,4.0,43,8,1,1,104
73020.0,74,4.0,4,12.0,9,27,6,4.0,98,5,0,1,2
89555.0,19,6.0,0,12.0,27,68,5,4.0,145,5,1,1,104
65315.0,19,6.0,0,9.0,6,144,5,4.0,43,5,1,1,104
58599.0,56,4.0,6,8.0,27,91,6,4.0,197,5,0,1,85
47234.0,9,4.0,5,0.0,6,96,6,4.0,89,5,0,1,26
44161.0,8,4.0,4,2.0,14,39,5,4.0,28,41,1,1,16
49496.0,10,8.0,4,2.0,27,64,5,4.0,28,41,1,1,16
43475.0,8,4.0,4,2.0,27,152,5,4.0,28,41,1,1,16
36083.0,25,6.0,4,20.0,14,124,7,4.0,223,5,3,2,24
54559.0,10,8.0,4,148.0,27,99,5,4.0,205,41,1,1,16
60061.0,5,4.0,0,58.0,23,135,0,3.0,184,5,3,1,92
28867.0,74,4.0,4,1.0,27,73,6,4.0,25,5,1,1,61
42005.0,7,4.0,5,1.0,28,133,6,4.0,162,5,0,1,47
35864.0,9,4.0,5,5.0,6,108,6,4.0,7,5,0,1,58
30000.0,55,4.0,4,0.0,14,73,6,4.0,167,69,1,2,61
34000.0,14,4.0,4,10.0,14,155,6,4.0,84,5,0,1,75
29342.0,74,4.0,4,6.0,27,131,6,4.0,118,5,1,1,61
55645.0,27,6.0,2,59.0,0,34,0,3.0,160,27,0,1,37
39714.0,66,6.0,4,14.0,27,71,6,4.0,43,32,1,1,63
49628.0,10,8.0,4,2.0,27,64,5,4.0,161,41,1,1,16
33089.0,9,4.0,5,25.0,6,38,6,4.0,7,34,0,1,58
65075.0,13,8.0,4,18.0,14,126,7,4.0,34,5,3,2,24
38980.0,8,4.0,4,9.0,14,75,6,4.0,70,5,1,1,61
58235.0,73,4.0,4,3.0,27,26,6,4.0,126,32,1,1,64
27998.0,8,4.0,4,3.0,12,4,6,4.0,157,5,0,1,116
25515.0,37,4.0,4,8.0,7,63,6,4.0,210,50,2,1,15
66960.0,9,4.0,5,5.0,14,101,6,4.0,72,5,1,1,70
53395.0,63,4.0,4,5.0,14,34,6,4.0,171,37,0,1,85
53272.0,25,6.0,4,1.0,23,56,0,3.0,43,5,2,1,106
51361.0,8,4.0,4,3.0,14,100,6,4.0,114,27,0,1,82
60600.0,26,6.0,5,10.0,28,127,4,4.0,43,5,2,1,22
38575.0,8,4.0,4,10.0,23,51,6,4.0,96,5,0,1,26
31225.0,6,4.0,4,6.0,28,16,7,4.0,28,15,2,1,94
32520.0,7,4.0,5,11.0,6,107,7,4.0,153,34,2,1,56
35821.0,25,6.0,4,20.0,14,124,7,4.0,28,5,3,2,24
60200.0,63,4.0,4,33.0,27,34,6,4.0,117,76,0,1,85
36532.0,75,4.0,4,14.0,21,52,6,4.0,97,5,0,1,26
61506.0,73,4.0,4,3.0,27,32,6,4.0,187,32,1,1,64
59625.0,63,4.0,4,2.0,14,34,6,4.0,63,5,0,1,85
35480.0,75,4.0,4,0.0,27,57,6,4.0,107,5,0,1,26
31200.0,8,4.0,4,11.0,14,73,6,4.0,187,5,1,1,61
54835.0,73,4.0,4,11.0,13,132,6,4.0,188,5,1,1,70
52115.0,25,6.0,4,13.0,14,75,6,4.0,123,3,1,1,63
32011.0,37,4.0,4,11.0,19,4,6,4.0,156,5,2,1,116
53099.0,25,6.0,4,30.0,23,56,0,3.0,43,5,2,1,107
46835.0,13,8.0,4,32.0,14,93,6,4.0,58,5,0,2,25
30383.0,8,4.0,4,13.0,14,4,6,4.0,154,5,2,1,116
46890.0,8,4.0,4,10.0,23,78,6,4.0,55,41,2,1,12
37729.0,66,6.0,4,10.0,27,71,6,4.0,71,32,1,1,63
53535.0,9,4.0,5,4.0,14,131,6,4.0,9,5,1,1,70
37490.0,25,6.0,4,20.0,14,124,7,4.0,101,5,3,2,24
44600.0,9,4.0,5,5.0,6,96,6,4.0,34,5,0,1,26
45038.0,25,6.0,4,5.0,14,51,6,4.0,219,5,0,1,25
60972.0,66,6.0,4,12.0,27,101,6,4.0,93,5,1,1,69
53796.0,25,6.0,4,0.0,14,101,5,4.0,105,5,1,2,62
25311.0,8,4.0,4,9.0,12,3,6,4.0,157,5,0,1,116
35913.0,25,6.0,4,15.0,14,124,7,4.0,34,5,3,2,24
48350.0,79,4.0,4,3.0,31,66,6,4.0,191,62,2,1,59
21000.0,11,4.0,4,9.0,28,7,7,4.0,15,33,2,1,102
90995.0,22,6.0,4,10.0,23,34,6,4.0,34,5,0,1,88
56079.0,7,4.0,5,0.0,14,88,6,4.0,170,5,0,1,85
52263.0,51,8.0,4,10.0,0,157,5,2.0,160,51,1,1,34
46835.0,13,8.0,4,29.0,14,93,6,4.0,225,5,0,2,25
42991.0,9,4.0,5,14.0,6,94,6,4.0,103,5,0,1,26
54910.0,9,4.0,5,10.0,14,150,6,4.0,43,32,1,1,64
56105.0,8,4.0,4,12.0,10,105,2,4.0,132,5,0,1,1
44790.0,25,6.0,4,32.0,14,93,6,4.0,58,5,0,2,25
32580.0,1,3.0,4,0.0,23,98,6,4.0,53,43,0,1,18
34330.0,14,4.0,4,11.0,14,18,5,4.0,19,34,0,1,54
37430.0,75,4.0,4,9.0,22,52,6,4.0,33,5,0,1,26
42015.0,16,4.0,4,1.0,16,21,5,4.0,38,5,0,1,54
32925.0,14,4.0,4,1.0,14,18,5,4.0,38,5,0,1,54
57870.0,9,4.0,5,5.0,14,125,6,4.0,147,5,1,1,70
28265.0,8,4.0,4,11.0,14,73,6,4.0,43,5,1,1,61
30618.0,8,4.0,4,7.0,12,4,6,4.0,156,34,0,1,116
31985.0,87,3.0,4,2.0,14,30,6,4.0,47,28,2,1,30
35210.0,80,3.0,4,0.0,14,82,6,4.0,180,30,1,1,28
31721.0,8,4.0,4,0.0,14,73,6,4.0,43,5,1,1,61
44852.0,25,6.0,4,13.0,14,51,6,4.0,219,5,0,1,25
32485.0,54,4.0,4,48.0,20,52,6,4.0,33,5,0,1,26
46835.0,13,8.0,4,34.0,14,93,6,4.0,58,5,0,2,25
39370.0,30,6.0,4,0.0,14,71,6,4.0,43,5,1,1,65
45844.0,9,4.0,5,1.0,6,94,6,4.0,96,5,0,1,26
78543.0,23,6.0,4,16.0,14,128,6,4.0,172,32,1,1,68
27080.0,0,4.0,5,13.0,27,38,7,4.0,179,52,2,1,51
83940.0,49,6.0,0,6.0,27,69,5,4.0,144,5,1,1,104
48541.0,8,4.0,4,10.0,14,15,6,4.0,183,49,0,1,114
81036.0,59,6.0,0,0.0,27,69,5,4.0,223,5,1,1,104
54949.0,56,4.0,6,8.0,27,88,6,4.0,197,5,0,1,85
67562.0,49,6.0,0,13.0,27,148,5,4.0,223,8,1,1,104
58399.0,56,4.0,6,4.0,27,91,6,4.0,171,5,0,1,85
73270.0,17,4.0,5,21.0,6,48,6,4.0,48,5,0,1,81
89040.0,49,6.0,0,5.0,26,70,5,4.0,145,5,1,1,104
65175.0,18,6.0,0,0.0,27,65,5,4.0,192,41,1,1,16
20389.0,11,4.0,4,11.0,28,6,7,4.0,102,34,2,1,102
50599.0,56,4.0,6,4.0,27,87,6,4.0,171,37,0,1,85
31190.0,14,4.0,4,10.0,14,44,6,4.0,84,5,2,1,75
35404.0,9,4.0,5,10.0,6,108,6,4.0,223,5,0,1,58
35656.0,9,4.0,5,9.0,6,81,6,4.0,216,5,0,1,58
32660.0,8,4.0,4,9.0,14,73,6,4.0,43,5,1,1,61
61860.0,9,4.0,5,5.0,14,101,6,4.0,9,5,1,1,70
26600.0,33,4.0,4,15.0,29,114,6,4.0,177,15,2,1,96
37325.0,14,4.0,4,1.0,14,18,5,4.0,174,34,0,1,54
52642.0,25,6.0,4,6.0,14,75,6,4.0,43,32,1,1,63
40235.0,8,4.0,4,10.0,14,75,6,4.0,208,5,1,1,61
46835.0,13,8.0,4,5.0,14,93,6,4.0,58,5,0,2,25
42064.0,16,4.0,4,1.0,16,21,5,4.0,148,5,0,1,54
39832.0,9,4.0,5,10.0,6,75,6,4.0,67,5,0,1,58
33331.0,8,4.0,4,13.0,12,5,6,4.0,156,5,0,1,116
51835.0,9,4.0,5,33.0,6,96,6,4.0,1,5,0,1,26
44120.0,37,4.0,4,0.0,27,41,6,4.0,73,44,0,1,44
47340.0,13,8.0,4,34.0,14,93,6,4.0,58,5,0,2,25
54209.0,62,6.0,4,10.0,14,75,6,4.0,123,32,1,1,65
86505.0,81,6.0,0,49.0,27,68,5,4.0,27,5,1,1,104
48595.0,36,4.0,4,0.0,4,59,6,4.0,2,5,0,1,26
38040.0,6,4.0,4,3.0,6,55,1,2.0,195,5,3,2,86
46835.0,13,8.0,4,21.0,14,93,6,4.0,58,5,0,2,25
52567.0,62,6.0,4,246.0,14,75,6,4.0,220,32,1,1,65
47340.0,13,8.0,4,33.0,14,93,6,4.0,225,5,0,2,25
87488.0,23,6.0,4,22.0,14,128,6,4.0,172,32,1,1,67
44737.0,62,6.0,4,6.0,14,71,6,4.0,123,32,1,1,63
41995.0,16,4.0,4,1.0,16,21,5,4.0,174,5,0,1,54
38855.0,71,4.0,5,6.0,27,60,6,4.0,207,5,2,1,46
58909.0,73,4.0,4,34.0,27,150,6,4.0,187,32,1,1,64
65350.0,13,8.0,4,0.0,14,37,5,4.0,144,5,1,1,103
49411.0,66,6.0,4,6.0,27,31,6,4.0,25,32,1,1,65
50590.0,9,4.0,5,10.0,6,96,6,4.0,1,5,0,1,26
70190.0,48,8.0,0,5.0,27,64,5,4.0,59,31,1,1,17
25515.0,37,4.0,4,5.0,7,63,6,4.0,130,50,2,1,15
59542.0,66,6.0,4,10.0,27,101,6,4.0,43,5,1,1,69
53445.0,25,6.0,4,6.0,23,56,0,3.0,42,5,2,1,106
79675.0,19,6.0,0,17.0,6,68,5,4.0,145,5,1,1,103
87075.0,69,8.0,1,9.0,2,113,5,4.0,206,21,1,1,43
34799.0,4,3.0,4,3.0,14,30,6,4.0,47,27,0,1,30
67125.0,19,6.0,0,5.0,6,68,5,4.0,43,5,1,1,103
46721.0,62,6.0,4,10.0,14,71,6,4.0,123,32,1,1,65
56119.0,9,4.0,5,10.0,14,34,6,4.0,126,32,1,1,64
28193.0,8,4.0,4,4.0,14,4,6,4.0,62,5,2,1,116
58949.0,56,4.0,6,26.0,27,91,6,4.0,14,5,0,1,85
54949.0,56,4.0,6,9.0,27,88,6,4.0,14,5,0,1,85
54949.0,56,4.0,6,9.0,27,88,6,4.0,166,37,0,1,85
31042.0,6,4.0,4,5.0,28,88,7,4.0,111,34,0,1,109
34000.0,75,4.0,4,4440.0,24,52,6,4.0,4,5,0,1,26
54449.0,56,4.0,6,10.0,27,88,6,4.0,196,37,0,1,85
77885.0,13,8.0,4,105.0,0,72,5,4.0,28,9,1,1,34
31535.0,8,4.0,4,7.0,14,73,6,4.0,187,5,1,1,61
50349.0,56,4.0,6,37.0,27,87,6,4.0,117,5,0,1,85
50675.0,7,4.0,5,0.0,14,87,6,4.0,170,5,0,1,85
64516.0,81,6.0,0,14.0,27,144,5,4.0,93,5,1,1,104
36480.0,82,4.0,4,23.0,27,51,6,4.0,97,5,0,1,26
47340.0,13,8.0,4,33.0,14,93,6,4.0,225,5,0,2,25
26104.0,37,4.0,4,9.0,17,1,7,4.0,157,72,2,1,115
42790.0,9,4.0,5,10.0,6,94,6,4.0,36,5,0,1,26
46835.0,13,8.0,4,30.0,14,93,6,4.0,225,5,0,2,25
47340.0,13,8.0,4,35.0,14,93,6,4.0,225,5,0,2,25
54545.0,8,4.0,4,10.0,14,162,7,4.0,32,5,0,1,5
65774.0,19,6.0,0,13.0,6,37,5,4.0,27,5,1,1,104
34305.0,78,3.0,4,4.0,27,118,6,4.0,65,15,0,1,99
44621.0,9,4.0,5,0.0,6,96,6,4.0,158,5,0,1,26
39763.0,9,4.0,5,0.0,6,94,6,4.0,89,5,0,1,26
67237.0,59,6.0,0,6.0,27,146,5,4.0,93,8,1,1,104
36900.0,7,4.0,5,1.0,28,131,6,4.0,119,5,0,1,47
90350.0,28,6.0,4,89.0,0,75,6,4.0,200,9,1,1,31
83910.0,28,6.0,4,65.0,0,139,6,4.0,101,9,1,1,31
49944.0,10,8.0,4,2.0,27,64,5,4.0,161,41,1,1,16
32433.0,38,4.0,4,0.0,14,103,6,4.0,226,5,0,1,75
33095.0,14,4.0,4,10.0,14,120,6,4.0,74,5,2,1,75
39990.0,14,4.0,4,10.0,14,156,6,4.0,84,5,0,1,75
62145.0,8,4.0,4,19.0,23,43,6,4.0,12,27,0,1,80
48364.0,24,6.0,4,4.0,0,46,4,4.0,119,34,2,1,49
83374.0,81,6.0,0,5.0,27,76,5,4.0,71,47,1,1,103
31222.0,37,4.0,4,2.0,7,49,6,4.0,210,42,2,1,15
85845.0,31,8.0,0,2.0,0,41,5,4.0,224,41,1,1,42
30034.0,38,4.0,4,0.0,14,103,6,4.0,96,39,2,1,75
44170.0,25,6.0,4,35.0,14,93,6,4.0,225,5,0,2,25
69995.0,74,4.0,4,12.0,9,89,6,4.0,60,34,0,1,2
27554.0,37,4.0,4,7.0,17,1,7,4.0,139,72,2,1,115
45716.0,68,8.0,4,10.0,27,118,5,4.0,212,5,1,1,101
42715.0,8,4.0,4,2.0,14,115,6,4.0,28,27,0,1,29
36970.0,14,4.0,4,1.0,14,18,5,4.0,19,5,0,1,54
26329.0,8,4.0,4,25.0,14,4,7,4.0,140,5,2,1,115
30101.0,8,4.0,4,2.0,6,13,6,4.0,210,41,0,1,15
54899.0,9,4.0,5,11.0,14,34,6,4.0,187,32,1,1,64
32198.0,38,4.0,4,0.0,14,103,6,4.0,73,5,0,1,75
54585.0,68,8.0,4,10.0,27,118,5,4.0,85,5,1,1,101
35999.0,8,4.0,4,0.0,14,73,6,4.0,123,5,1,1,61
36882.0,9,4.0,5,11.0,6,108,6,4.0,226,34,0,1,58
47340.0,13,8.0,4,32.0,14,93,6,4.0,225,5,0,2,25
45055.0,79,4.0,4,25.0,31,66,6,4.0,30,62,2,1,59
69697.0,19,6.0,0,2.0,27,37,5,4.0,223,6,1,1,104
47785.0,13,8.0,4,34.0,14,93,6,4.0,58,5,0,2,25
51083.0,73,4.0,4,3.0,13,132,6,4.0,43,5,1,1,70
27400.0,33,4.0,4,15.0,29,114,6,4.0,18,15,2,1,96
52445.0,63,4.0,4,5.0,14,34,6,4.0,63,37,0,1,85
34600.0,9,4.0,5,5.0,6,38,6,4.0,226,34,0,1,58
47165.0,13,8.0,4,39.0,14,93,6,4.0,58,5,0,2,25
34084.0,55,4.0,4,12.0,14,75,6,4.0,108,5,1,1,61
50184.0,25,6.0,4,6.0,14,75,6,4.0,43,32,1,1,63
40380.0,16,4.0,4,1.0,16,20,5,4.0,148,5,0,1,54
55353.0,8,4.0,4,8.0,23,43,6,4.0,83,34,0,1,79
72357.0,5,4.0,0,9.0,23,11,0,3.0,100,5,3,1,93
34492.0,9,4.0,5,10.0,6,38,6,4.0,226,5,0,1,58
36000.0,16,4.0,4,10.0,16,21,5,4.0,19,5,0,1,54
35999.0,8,4.0,4,0.0,14,73,6,4.0,123,5,1,1,61
53160.0,25,6.0,4,6.0,14,75,6,4.0,126,5,1,1,63
59116.0,73,4.0,4,3.0,27,26,6,4.0,71,32,1,1,64
67510.0,66,6.0,4,10.0,27,101,6,4.0,8,5,1,1,69
48187.0,24,6.0,4,4.0,0,46,4,4.0,163,2,2,1,49
25923.0,8,4.0,4,25.0,14,4,7,4.0,140,5,2,1,115
50702.0,25,6.0,4,6.0,14,75,6,4.0,123,5,1,1,63
75595.0,9,4.0,5,6.0,14,137,6,4.0,41,15,0,1,119
51845.0,9,4.0,5,7.0,14,131,6,4.0,147,5,1,1,70
60915.0,21,6.0,4,31.0,23,90,6,4.0,185,41,2,1,12
71167.0,19,6.0,0,9.0,6,37,5,4.0,43,5,1,1,104
41975.0,16,4.0,4,1.0,16,21,5,4.0,148,5,0,1,54
32520.0,7,4.0,5,10.0,6,107,7,4.0,166,34,2,1,56
48861.0,39,4.0,4,16.0,27,120,6,4.0,227,5,0,2,73
31537.0,8,4.0,4,11.0,6,63,6,4.0,210,50,0,1,15
47175.0,66,6.0,4,0.0,27,31,6,4.0,143,32,1,1,63
51585.0,9,4.0,5,10.0,6,96,6,4.0,1,5,0,1,26
86097.0,23,6.0,4,9711.0,14,130,6,4.0,172,66,1,2,68
37946.0,21,6.0,4,9.0,23,118,5,4.0,85,15,3,1,95
31301.0,8,4.0,4,2.0,6,13,6,4.0,130,41,0,1,15
63010.0,13,8.0,4,95.0,14,144,5,2.0,43,5,1,2,104
50030.0,64,8.0,4,1.0,27,118,5,4.0,102,5,1,1,101
42990.0,3,6.0,4,0.0,14,154,0,3.0,210,53,3,1,40
32635.0,8,4.0,4,0.0,6,98,6,4.0,130,41,2,1,15
46672.0,68,8.0,4,1.0,27,118,5,4.0,212,5,1,2,101
27450.0,71,4.0,4,10.0,27,67,6,4.0,66,59,0,1,48
34310.0,37,4.0,4,13.0,3,141,6,4.0,20,52,2,1,71
36190.0,2,3.0,4,7.0,23,33,6,4.0,135,27,0,1,9
57849.0,56,4.0,6,4.0,27,91,6,4.0,117,5,0,1,85
44615.0,88,4.0,4,9.0,14,107,6,4.0,6,27,0,1,29
34985.0,14,4.0,4,10.0,14,120,6,4.0,227,5,2,1,75
28867.0,74,4.0,4,10.0,27,73,6,4.0,108,5,1,1,61
53890.0,25,6.0,4,3.0,23,56,0,3.0,43,5,2,1,106
31190.0,14,4.0,4,10.0,14,44,6,4.0,84,5,2,1,75
35364.0,9,4.0,5,33.0,6,108,6,4.0,148,5,0,1,58
35885.0,9,4.0,5,15.0,6,81,6,4.0,31,5,0,1,58
85630.0,22,6.0,4,7.0,23,25,6,4.0,28,5,0,1,90
47530.0,62,6.0,4,5.0,14,71,6,4.0,70,32,1,1,63
58399.0,56,4.0,6,4.0,27,91,6,4.0,171,5,0,1,85
49632.0,10,8.0,4,2.0,27,64,5,4.0,161,41,1,1,16
55439.0,7,4.0,5,0.0,14,88,6,4.0,13,5,0,1,85
30618.0,8,4.0,4,11.0,12,4,6,4.0,62,34,0,1,116
35821.0,25,6.0,4,20.0,14,124,7,4.0,28,5,3,2,24
36083.0,25,6.0,4,20.0,14,124,7,4.0,223,5,3,2,24
98180.0,22,6.0,4,5.0,23,25,6,4.0,152,3,0,1,91
44604.0,9,4.0,5,5.0,6,96,6,4.0,1,5,0,1,26
32269.0,8,4.0,4,0.0,14,73,6,4.0,123,5,1,1,61
45051.0,9,4.0,5,5.0,6,96,6,4.0,96,5,0,1,26
57508.0,8,4.0,4,19.0,23,43,6,4.0,76,34,0,1,79
51803.0,46,6.0,4,1.0,27,34,0,3.0,142,25,3,1,38
52631.0,62,6.0,4,10.0,14,75,6,4.0,123,32,1,1,65
24680.0,2,3.0,4,5.0,6,64,6,4.0,49,41,2,1,19
54490.0,73,4.0,4,2.0,27,102,6,4.0,26,5,1,1,70
80095.0,81,6.0,0,20.0,27,68,5,4.0,80,5,1,1,104
44350.0,45,6.0,4,0.0,27,141,4,4.0,151,5,2,1,49
66375.0,43,6.0,4,17.0,27,56,0,3.0,43,5,2,2,107
57635.0,41,8.0,4,5.0,27,40,5,4.0,210,41,1,1,16
45300.0,42,6.0,4,25.0,21,142,3,4.0,79,12,2,2,21
28860.0,8,4.0,4,11.0,14,73,6,4.0,70,5,1,1,61
34637.0,8,4.0,4,54.0,23,51,6,4.0,96,5,0,1,26
50184.0,25,6.0,4,6.0,14,75,6,4.0,43,5,1,1,63
87190.0,23,6.0,4,12.0,14,128,6,4.0,220,32,1,1,68
55399.0,63,4.0,4,2.0,14,34,6,4.0,198,38,0,1,85
41391.0,9,4.0,5,7.0,6,75,6,4.0,226,34,0,1,58
30020.0,80,3.0,4,0.0,14,36,6,4.0,142,27,1,1,28
46835.0,13,8.0,4,19.0,14,93,6,4.0,225,5,0,2,25
66360.0,65,6.0,4,27.0,27,83,6,4.0,71,32,1,1,65
26500.0,33,4.0,4,15.0,29,114,6,4.0,177,15,2,1,96
53995.0,13,8.0,4,12.0,14,94,6,4.0,57,5,0,2,25
77645.0,22,6.0,4,9.0,14,84,6,2.0,90,27,1,1,78
58648.0,73,4.0,4,3.0,13,125,6,4.0,8,5,1,1,70
46450.0,25,6.0,4,42.0,23,143,4,4.0,43,5,0,1,21
41195.0,8,4.0,4,5.0,14,107,6,4.0,6,27,0,1,29
46791.0,25,6.0,4,12.0,27,131,5,4.0,29,5,1,1,62
47165.0,13,8.0,4,31.0,14,93,6,4.0,225,5,0,2,25
78695.0,74,4.0,4,12.0,9,28,6,4.0,185,5,0,1,2
115445.0,32,8.0,4,447.0,14,80,6,4.0,127,5,0,1,7
34182.0,8,4.0,4,0.0,14,73,6,4.0,43,5,1,1,61
38546.0,75,4.0,4,73.0,21,54,6,4.0,2,5,0,1,26
61865.0,13,8.0,4,0.0,14,144,5,4.0,43,5,1,1,103
26860.0,8,4.0,4,3.0,14,73,6,4.0,187,5,1,1,61
29826.0,8,4.0,4,6.0,14,74,6,4.0,43,5,1,1,61
42597.0,9,4.0,5,5.0,6,94,6,4.0,96,5,0,1,26
37135.0,7,4.0,5,399.0,27,121,6,4.0,173,52,2,1,71
52180.0,9,4.0,5,10.0,6,96,6,4.0,36,5,0,1,26
61506.0,73,4.0,4,3.0,27,32,6,4.0,71,32,1,1,64
37135.0,8,4.0,4,6.0,23,87,6,4.0,224,27,0,2,10
33590.0,69,4.0,5,0.0,29,115,6,4.0,5,29,2,1,30
41765.0,69,4.0,5,0.0,29,103,6,4.0,201,27,2,1,30
65416.0,41,8.0,4,5.0,32,65,5,4.0,192,41,1,1,16
43299.0,16,4.0,4,1.0,16,19,5,4.0,148,18,0,1,54
46835.0,13,8.0,4,5.0,14,93,6,4.0,58,5,0,2,25
47744.0,66,6.0,4,12.0,27,75,6,4.0,25,32,1,1,63
53455.0,30,6.0,4,0.0,14,75,6,4.0,220,32,1,1,65
52853.0,46,6.0,4,0.0,27,34,0,3.0,142,25,3,1,38
69035.0,28,6.0,4,9.0,0,153,6,4.0,23,54,1,1,27
32485.0,54,4.0,4,48.0,20,52,6,4.0,33,5,0,1,26
31860.0,37,4.0,4,17.0,25,44,6,4.0,194,52,2,1,71
27080.0,0,4.0,5,14.0,27,38,7,4.0,179,52,2,1,51
64214.0,49,6.0,0,6.0,27,146,5,4.0,43,8,1,1,104
82523.0,49,6.0,0,8.0,27,69,5,4.0,27,5,1,1,104
49496.0,10,8.0,4,2.0,27,64,5,4.0,210,41,1,1,16
43135.0,8,4.0,4,9.0,27,64,5,4.0,28,41,1,1,16
28867.0,74,4.0,4,8.0,27,73,6,4.0,189,5,1,1,61
35490.0,14,4.0,4,10.0,14,155,6,4.0,95,5,0,1,75
33109.0,9,4.0,5,15.0,6,38,6,4.0,67,34,0,1,58
54949.0,56,4.0,6,8.0,27,88,6,4.0,96,5,0,1,85
39832.0,9,4.0,5,25.0,6,75,6,4.0,31,34,0,1,58
37490.0,25,6.0,4,20.0,14,124,7,4.0,101,5,3,2,24
46670.0,13,8.0,4,5.0,14,144,5,4.0,43,5,1,1,103
88135.0,28,6.0,4,6.0,0,85,6,4.0,28,9,1,1,31
54210.0,25,6.0,4,0.0,14,101,5,4.0,105,5,1,2,62
43585.0,66,6.0,4,5.0,27,31,6,4.0,25,32,1,1,63
49550.0,9,4.0,5,5.0,14,131,6,4.0,9,5,1,1,70
22260.0,8,4.0,4,28.0,14,3,7,4.0,157,72,2,1,115
47744.0,66,6.0,4,9.0,27,75,6,4.0,126,32,1,1,63
54899.0,9,4.0,5,12.0,14,34,6,4.0,24,32,1,1,64
84860.0,19,6.0,0,6.0,6,68,5,4.0,145,5,1,1,104
71846.0,81,6.0,0,5.0,27,144,5,4.0,71,5,1,1,103
46490.0,36,4.0,4,21.0,6,97,6,4.0,159,5,0,1,26
49180.0,10,8.0,4,2.0,27,64,5,4.0,210,41,1,1,16
35683.0,37,4.0,4,5.0,11,5,6,4.0,34,14,0,1,116
84190.0,28,6.0,4,6.0,0,75,6,4.0,223,9,1,1,31
38870.0,7,4.0,5,5.0,6,75,7,4.0,46,5,2,1,56
71999.0,81,6.0,0,252.0,27,144,5,4.0,43,5,1,2,104
47080.0,62,6.0,4,6.0,14,71,6,4.0,43,5,1,1,63
54226.0,73,4.0,4,2.0,27,102,6,4.0,29,5,1,1,70
33255.0,8,4.0,4,10.0,14,73,6,4.0,92,5,1,1,61
48612.0,66,6.0,4,10.0,27,132,6,4.0,29,5,1,1,69
90945.0,20,6.0,4,4.0,14,164,6,4.0,21,5,0,0,7
47340.0,13,8.0,4,5.0,14,93,6,4.0,225,5,0,2,25
37100.0,14,4.0,4,1.0,14,18,5,4.0,148,34,0,1,54
59205.0,7,4.0,5,3.0,14,91,6,4.0,117,5,0,1,85
31390.0,87,3.0,4,13.0,27,36,6,4.0,47,27,1,1,28
46905.0,21,6.0,4,25.0,14,107,6,4.0,202,35,0,1,53
36499.0,16,4.0,4,10.0,16,21,5,4.0,148,5,0,1,54
74990.0,49,6.0,0,15.0,27,86,5,4.0,136,5,1,1,103
55399.0,63,4.0,4,2.0,14,34,6,4.0,198,38,0,1,85
40355.0,7,4.0,5,68.0,28,134,6,4.0,151,5,0,1,47
43000.0,66,6.0,4,16.0,19,71,6,4.0,187,32,1,2,63
38870.0,7,4.0,5,9.0,6,75,7,4.0,166,5,2,1,56
103045.0,22,6.0,4,19.0,14,161,7,4.0,32,5,3,1,4
28997.0,8,4.0,4,3.0,12,4,6,4.0,35,5,0,1,116
29066.0,37,4.0,4,5.0,17,4,6,4.0,156,5,2,1,116
33092.0,8,4.0,4,0.0,23,112,6,4.0,221,41,0,1,44
47100.0,21,6.0,4,26.0,14,107,6,4.0,109,5,0,1,53
32406.0,37,4.0,4,11.0,19,4,6,4.0,61,5,2,1,116
40145.0,8,4.0,4,9.0,0,158,6,4.0,47,27,3,1,32
24600.0,33,4.0,4,15.0,29,118,6,4.0,18,15,2,1,96
69201.0,9,4.0,5,11.0,14,136,6,4.0,220,73,1,1,64
46835.0,13,8.0,4,32.0,14,93,6,4.0,225,5,0,2,25
17994.0,11,4.0,4,8.0,28,103,7,4.0,77,15,2,1,102
40630.0,8,4.0,4,7.0,14,116,6,4.0,113,63,0,1,30
49075.0,62,6.0,4,1.0,14,71,6,4.0,43,32,1,1,63
23160.0,37,4.0,4,7.0,17,0,7,4.0,61,72,2,1,115
46835.0,13,8.0,4,31.0,14,93,6,4.0,225,5,0,2,25
51803.0,46,6.0,4,1.0,27,34,0,3.0,142,25,3,1,38
67784.0,9,4.0,5,35.0,14,150,6,4.0,70,32,1,1,64
40449.0,16,4.0,4,1.0,16,20,5,4.0,104,5,0,1,54
30188.0,37,4.0,4,3.0,7,13,6,4.0,205,50,2,1,15
59420.0,63,4.0,4,5.0,27,34,6,4.0,14,5,0,1,85
60080.0,63,4.0,4,5.0,14,34,6,4.0,63,5,0,1,85
42785.0,8,4.0,4,13.0,23,47,6,4.0,75,27,0,2,10
47280.0,13,8.0,4,13.0,14,93,6,4.0,225,5,0,2,25
30525.0,8,4.0,4,0.0,14,73,6,4.0,123,5,1,1,61
44850.0,24,6.0,4,3.0,23,149,6,4.0,190,5,0,1,50
47105.0,64,8.0,4,5.0,27,118,5,4.0,85,5,1,1,101
38736.0,55,4.0,4,12.0,14,75,6,4.0,118,5,1,1,61
28265.0,8,4.0,4,7.0,14,73,6,4.0,43,5,1,1,61
58230.0,9,4.0,5,17.0,14,125,6,4.0,9,5,1,1,70
67190.0,9,4.0,5,12.0,14,101,6,4.0,43,5,1,1,70
30278.0,69,3.0,4,0.0,18,30,6,4.0,112,27,2,1,30
34572.0,4,3.0,4,10.0,14,115,6,4.0,200,27,0,1,30
66960.0,9,4.0,5,5.0,14,101,6,4.0,29,5,1,1,70
31535.0,8,4.0,4,7.0,14,73,6,4.0,123,5,1,1,61
30955.0,37,4.0,4,3.0,27,63,6,4.0,210,50,0,1,15
34698.0,8,4.0,4,10.0,23,51,6,4.0,89,5,0,1,26
32138.0,4,3.0,4,10.0,14,115,6,4.0,113,27,0,1,30
61248.0,46,6.0,4,0.0,27,34,0,3.0,142,34,3,1,38
40925.0,66,6.0,4,0.0,27,71,6,4.0,187,32,1,1,63
76475.0,10,8.0,4,2.0,0,160,5,4.0,210,34,1,1,16
49180.0,10,8.0,4,2.0,27,64,5,4.0,210,41,1,1,16
65360.0,66,6.0,4,0.0,27,136,6,4.0,71,74,1,1,63
47650.0,10,8.0,4,5.0,0,40,5,4.0,210,5,1,1,16
41705.0,24,6.0,4,4.0,0,45,4,4.0,119,34,2,1,49
30335.0,7,4.0,5,0.0,27,75,7,4.0,99,56,2,1,51
33695.0,9,4.0,5,11.0,6,38,6,4.0,226,5,0,1,58
29374.0,8,4.0,4,28.0,14,5,7,4.0,140,75,2,1,115
35744.0,9,4.0,5,15.0,6,108,6,4.0,31,34,0,1,58
25975.0,7,4.0,5,15.0,8,38,7,4.0,99,5,2,1,51
68256.0,61,6.0,5,10.0,0,75,5,4.0,50,10,1,1,112
67749.0,25,6.0,4,181.0,23,34,0,3.0,43,5,2,1,107
49735.0,30,6.0,4,0.0,14,75,6,4.0,43,77,1,1,65
49885.0,9,4.0,5,2.0,6,96,6,4.0,89,5,0,1,26
30499.0,14,4.0,4,1.0,28,62,6,4.0,44,1,0,1,110
40145.0,8,4.0,4,9.0,0,158,6,4.0,113,27,3,1,32
54939.0,56,4.0,6,3.0,27,88,6,4.0,169,37,0,1,85
46835.0,13,8.0,4,23.0,14,93,6,4.0,225,5,0,2,25
124250.0,23,6.0,4,0.0,14,130,6,4.0,126,32,1,1,66
47225.0,74,4.0,4,5.0,23,78,6,4.0,204,41,0,1,12
31610.0,14,4.0,4,3.0,14,18,5,4.0,174,5,0,1,54
72977.0,29,6.0,5,7.0,0,12,5,4.0,193,70,1,1,112
36734.0,75,4.0,4,14.0,21,52,6,4.0,33,5,0,1,26
61330.0,19,6.0,0,6.0,6,144,5,2.0,80,5,1,1,104
32009.0,11,4.0,4,1.0,28,107,6,4.0,19,5,0,1,52
49229.0,10,8.0,4,17.0,27,64,5,4.0,28,41,1,1,16
54200.0,16,4.0,4,0.0,28,109,6,4.0,94,33,0,2,60
25999.0,74,4.0,4,14.0,27,131,6,4.0,27,5,1,2,61
56995.0,63,4.0,4,30.0,27,34,6,4.0,171,5,0,1,85
34472.0,8,4.0,4,6.0,6,13,6,4.0,161,41,0,1,15
25410.0,11,4.0,4,12.0,28,114,6,4.0,39,15,2,1,96
29895.0,37,4.0,4,10.0,17,2,7,4.0,61,72,2,1,115
68095.0,25,6.0,4,186.0,23,34,0,3.0,43,5,2,1,107
24348.0,37,4.0,4,7.0,17,0,7,4.0,156,72,2,1,115
65260.0,81,6.0,0,15.0,27,144,5,4.0,93,5,1,1,104
40980.0,8,4.0,4,0.0,23,41,6,4.0,224,46,0,1,44
36900.0,7,4.0,5,1.0,28,131,6,4.0,119,5,0,1,47
37275.0,9,4.0,5,5.0,6,108,6,4.0,7,34,0,1,58
72294.0,19,6.0,0,33.0,27,68,5,4.0,70,5,1,1,104
51625.0,63,4.0,4,5.0,14,34,6,4.0,63,5,0,1,85
30829.0,8,4.0,4,15.0,14,75,6,4.0,3,5,2,1,52
44826.0,9,4.0,5,5.0,6,96,6,4.0,103,5,0,1,26
38122.0,8,4.0,4,18.0,23,51,6,4.0,36,5,0,1,26
47451.0,66,6.0,4,3.0,27,31,6,4.0,43,32,1,1,65
58840.0,9,4.0,5,4.0,14,125,6,4.0,108,5,1,1,70
32837.0,75,4.0,4,10.0,27,52,6,4.0,2,5,0,1,26
31390.0,87,3.0,4,9.0,27,36,6,4.0,78,4,1,1,28
54403.0,25,6.0,4,14.0,23,143,4,4.0,70,5,0,1,21
71146.0,61,6.0,5,10.0,0,85,5,4.0,213,5,3,1,112
84935.0,23,6.0,4,1.0,14,128,6,4.0,220,32,1,1,67
52495.0,58,6.0,4,26.0,0,158,5,4.0,142,5,1,2,33
61481.0,49,6.0,0,15.0,5,145,5,4.0,43,23,1,1,103
51700.0,63,4.0,4,5.0,14,34,6,4.0,63,5,0,1,85
42947.0,8,4.0,4,5.0,14,39,5,4.0,166,5,3,1,16
34329.0,75,4.0,4,6.0,27,52,6,4.0,159,5,0,1,26
62154.0,13,8.0,4,197.0,14,144,5,2.0,43,22,1,1,104
35913.0,25,6.0,4,15.0,14,124,7,4.0,34,5,3,2,24
39375.0,8,4.0,4,76.0,10,88,7,4.0,81,5,2,1,0
65295.0,9,4.0,5,26.0,14,101,6,4.0,108,5,1,1,70
64930.0,9,4.0,5,12.0,14,101,6,4.0,29,5,1,1,70
54949.0,56,4.0,6,3.0,27,88,6,4.0,120,5,0,1,85
47142.0,9,4.0,5,0.0,6,96,6,4.0,96,5,0,1,26
41955.0,16,4.0,4,1.0,16,21,5,4.0,19,5,0,1,54
36860.0,87,3.0,4,8.0,13,30,6,4.0,218,27,0,1,30
76300.0,19,6.0,0,6.0,6,37,5,4.0,70,5,1,1,104
68095.0,25,6.0,4,188.0,23,34,0,3.0,43,5,2,1,107
45605.0,28,6.0,4,8.0,27,117,5,4.0,142,5,1,1,33
24305.0,33,4.0,4,15.0,29,103,6,4.0,102,15,2,1,96
46870.0,8,4.0,4,2500.0,0,158,6,4.0,200,65,3,1,32
33840.0,8,4.0,4,8.0,14,75,6,4.0,141,5,0,1,52
50058.0,10,8.0,4,2.0,27,64,5,4.0,161,41,1,1,16
33005.0,7,4.0,5,13.0,6,107,7,4.0,223,5,2,1,56
62295.0,70,4.0,0,8.0,27,56,0,3.0,115,5,3,1,93
90220.0,31,8.0,0,0.0,0,41,5,4.0,137,41,1,1,42
33696.0,8,4.0,4,6.0,14,75,6,4.0,43,5,1,1,61
54641.0,25,6.0,4,23.0,14,75,6,4.0,70,3,3,1,65
32750.0,14,4.0,4,3425.0,14,107,6,4.0,226,34,2,1,57
50595.0,7,4.0,5,1.0,14,87,6,4.0,170,5,0,1,85
53915.0,52,4.0,4,8.0,0,85,6,4.0,201,57,3,0,32
77473.0,23,6.0,4,14.0,14,34,6,4.0,187,32,1,1,67
30870.0,7,4.0,5,9.0,27,75,7,4.0,223,5,2,1,51
56872.0,21,6.0,4,0.0,23,88,6,4.0,75,17,0,1,8
34730.0,8,4.0,4,0.0,14,73,6,4.0,123,5,1,1,61
55183.0,25,6.0,4,13.0,23,75,4,4.0,43,5,0,1,21
32625.0,14,4.0,4,2077.0,14,107,6,4.0,226,34,2,1,57
20849.0,11,4.0,4,6.0,28,103,7,4.0,51,15,2,1,102
52405.0,8,4.0,4,10.0,10,104,2,4.0,86,5,0,1,1
67159.0,19,6.0,0,21.0,6,37,5,4.0,43,5,1,1,104
40260.0,8,4.0,4,3.0,14,106,6,4.0,47,27,0,1,29
95230.0,22,6.0,4,8.0,23,25,6,4.0,152,48,0,1,91
35835.0,9,4.0,5,10.0,6,108,6,4.0,31,5,0,1,58
35775.0,9,4.0,5,10.0,6,108,6,4.0,7,34,0,1,58
72600.0,19,6.0,0,6.0,6,37,5,4.0,43,5,1,1,104
47410.0,10,8.0,4,5.0,0,152,5,4.0,210,41,1,1,16
30935.0,7,4.0,5,11.0,6,44,6,4.0,194,15,2,1,71
27087.0,8,4.0,4,9.0,14,131,6,4.0,70,5,1,1,61
78895.0,53,6.0,0,7.0,26,37,5,4.0,43,5,1,1,104
44710.0,8,4.0,4,48.0,14,140,6,4.0,165,55,0,1,29
21637.0,74,4.0,4,4.0,27,118,7,4.0,102,15,2,1,100
50923.0,66,6.0,4,4.0,27,75,6,4.0,71,32,1,1,65
21889.0,11,4.0,4,6.0,28,6,7,4.0,77,34,2,1,102
29182.0,11,4.0,4,0.0,28,107,6,4.0,56,5,2,1,52
21123.0,33,4.0,4,6.0,30,114,6,4.0,77,15,2,1,96
63518.0,49,6.0,0,24.0,27,146,5,4.0,93,8,1,1,104
79934.0,19,6.0,0,22.0,27,68,5,4.0,145,5,1,1,104
47340.0,13,8.0,4,22.0,14,93,6,4.0,58,5,0,2,25
47785.0,13,8.0,4,32.0,14,93,6,4.0,58,5,0,2,25
65075.0,13,8.0,4,18.0,14,126,7,4.0,34,5,3,2,24
46243.0,66,6.0,4,175.0,27,31,6,4.0,220,32,1,1,65
42876.0,9,4.0,5,147.0,6,94,6,4.0,1,5,0,1,26
102287.0,31,8.0,0,4.0,0,41,5,4.0,210,41,1,1,43
55020.0,62,6.0,4,5.0,14,75,6,4.0,123,32,1,1,65
40344.0,62,6.0,4,6.0,14,71,6,4.0,43,5,1,1,63
33491.0,8,4.0,4,12.0,14,81,6,4.0,3,5,0,1,52
40754.0,85,4.0,5,12.0,27,75,6,4.0,31,5,0,1,58
83640.0,49,6.0,0,6.0,27,69,5,4.0,166,5,1,1,104
50209.0,15,4.0,5,0.0,28,159,6,4.0,186,5,0,1,111
69720.0,13,8.0,4,0.0,14,37,5,4.0,70,5,1,1,103
88478.0,10,8.0,4,2.0,27,99,5,4.0,210,41,1,1,16
35389.0,8,4.0,4,1.0,14,75,6,4.0,56,34,0,1,52
36600.0,85,4.0,5,12.0,27,81,6,4.0,31,11,0,1,58
110150.0,23,6.0,4,650.0,14,128,6,4.0,126,32,1,2,66
67105.0,65,6.0,4,3.0,27,83,6,4.0,25,32,1,1,65
36600.0,85,4.0,5,10.0,27,81,6,4.0,215,11,0,1,58
50955.0,56,4.0,6,0.0,27,87,6,4.0,120,5,0,1,85
40434.0,16,4.0,4,1.0,16,20,5,4.0,104,5,0,1,54
30740.0,14,4.0,4,1.0,14,44,6,4.0,28,5,2,1,75
54190.0,10,8.0,4,5.0,0,40,5,4.0,59,5,1,1,16
47763.0,10,8.0,4,0.0,0,92,5,2.0,210,41,3,1,42
68600.0,19,6.0,0,0.0,6,144,5,4.0,43,6,1,1,104
74290.0,22,6.0,4,6.0,23,25,6,4.0,152,5,0,1,90
33668.0,8,4.0,4,8.0,14,74,6,4.0,108,5,1,1,61
47785.0,13,8.0,4,32.0,14,93,6,4.0,58,5,0,2,25
89595.0,23,6.0,4,1.0,14,130,6,4.0,43,32,1,1,67
43524.0,36,4.0,4,0.0,4,58,6,4.0,2,5,0,1,26
33071.0,87,3.0,4,4.0,14,30,6,4.0,142,68,0,1,30
30490.0,14,4.0,4,1.0,14,17,5,4.0,19,34,0,1,54
61006.0,25,6.0,4,5.0,23,56,0,3.0,43,5,2,2,107
43684.0,16,4.0,4,1.0,16,19,5,4.0,148,5,0,1,54
38954.0,25,6.0,4,8.0,23,67,4,4.0,43,5,2,1,23
59466.0,10,8.0,4,0.0,0,113,5,4.0,221,41,1,1,41
38036.0,72,4.0,4,4.0,14,158,0,4.0,82,27,2,2,36
60573.0,61,6.0,5,1.0,0,75,5,4.0,122,13,1,1,112
59620.0,13,8.0,4,0.0,27,144,5,4.0,70,5,1,1,103
28860.0,8,4.0,4,7.0,14,73,6,4.0,187,5,1,1,61
41230.0,74,4.0,4,9.0,27,150,6,4.0,209,64,1,1,61
54210.0,25,6.0,4,0.0,14,101,5,4.0,175,5,1,2,62
29111.0,11,4.0,4,11.0,28,107,6,4.0,128,34,2,1,52
96860.0,31,8.0,0,0.0,0,42,5,4.0,224,0,1,1,42
34635.0,14,4.0,4,1.0,14,120,6,4.0,223,5,2,1,75
79487.0,23,6.0,4,18.0,14,128,6,4.0,172,5,1,1,67
23160.0,37,4.0,4,13.0,17,0,7,4.0,156,72,2,1,115
74366.0,23,6.0,4,4.0,14,34,6,4.0,70,32,1,1,68
40979.0,9,4.0,5,12.0,6,75,6,4.0,7,5,0,1,58
39025.0,88,4.0,4,5.0,27,106,6,4.0,47,27,0,1,29
81160.0,23,6.0,4,4.0,14,128,6,4.0,187,32,1,1,68
21195.0,34,4.0,4,0.0,29,7,7,4.0,17,33,2,1,102
63440.0,9,4.0,5,5.0,14,34,6,4.0,187,32,1,1,64
33969.0,8,4.0,4,0.0,14,75,6,4.0,168,34,2,1,52
38598.0,88,4.0,4,10.0,27,107,6,4.0,47,26,0,1,29
84405.0,10,8.0,4,12.0,0,42,5,4.0,224,0,1,1,41
52810.0,25,6.0,4,5.0,14,75,6,4.0,126,32,1,1,63
63145.0,18,6.0,0,5.0,0,65,5,4.0,192,5,1,1,16
34940.0,8,4.0,4,0.0,23,29,6,4.0,75,41,0,1,44
37498.0,75,4.0,4,12.0,27,52,6,4.0,2,5,0,1,26
58950.0,19,6.0,0,12.0,6,144,5,4.0,43,5,1,1,104
41890.0,25,6.0,4,18.0,14,124,7,4.0,182,5,0,2,24
38000.0,74,4.0,4,10.0,27,150,6,4.0,43,64,1,1,61
57000.0,23,6.0,4,5581.0,0,34,0,3.0,223,34,3,2,39
48201.0,62,6.0,4,10.0,14,71,6,4.0,187,32,1,1,65
73360.0,74,4.0,4,12.0,9,27,6,4.0,85,5,0,1,2
47340.0,13,8.0,4,33.0,14,93,6,4.0,58,5,0,2,25
64111.0,49,6.0,0,6.0,27,146,5,4.0,28,8,1,1,104
33590.0,14,4.0,4,12.0,14,67,6,4.0,74,5,2,1,73
46855.0,79,4.0,4,11.0,31,66,6,4.0,164,62,2,1,59
58779.0,62,6.0,4,10.0,14,75,6,4.0,70,32,1,1,65
45995.0,88,4.0,4,4723.0,14,140,6,4.0,6,27,0,1,29
42155.0,44,6.0,4,6.0,27,111,6,4.0,65,15,1,1,98
47030.0,62,6.0,4,5.0,14,71,6,4.0,187,32,1,1,63
42425.0,62,6.0,4,5.0,14,71,6,4.0,187,5,1,1,63
42436.0,8,4.0,4,18.0,23,53,6,4.0,96,5,0,1,26
56015.0,66,6.0,4,8.0,27,75,6,4.0,25,78,1,1,65
25950.0,71,4.0,4,14.0,27,67,6,4.0,129,60,2,1,48
46350.0,24,6.0,4,0.0,23,149,6,4.0,190,5,0,1,50
27450.0,71,4.0,4,5.0,27,67,6,4.0,66,59,0,1,48
33375.0,14,4.0,4,148.0,14,44,6,4.0,74,34,0,1,75
39935.0,14,4.0,4,12.0,14,156,6,4.0,87,5,0,1,75
56119.0,9,4.0,5,20.0,14,34,6,4.0,126,32,1,1,64
36810.0,8,4.0,4,15.0,23,51,6,4.0,96,5,0,1,26
35585.0,75,4.0,4,0.0,27,52,6,4.0,37,5,0,1,26
40375.0,16,4.0,4,1.0,16,20,5,4.0,104,5,0,1,54
41720.0,9,4.0,5,10.0,6,75,6,4.0,7,34,0,1,58
41720.0,9,4.0,5,10.0,6,75,6,4.0,67,34,0,1,58
62255.0,9,4.0,5,26.0,14,34,6,4.0,126,32,1,1,64
57835.0,8,4.0,4,12.0,10,105,2,4.0,131,61,0,1,1
108537.0,23,6.0,4,4501.0,14,130,6,4.0,43,73,1,1,66
63609.0,19,6.0,0,13.0,27,144,5,4.0,43,5,1,1,104
64025.0,46,6.0,4,0.0,27,34,0,3.0,142,24,0,1,38
86420.0,19,6.0,0,10.0,27,68,5,4.0,145,5,1,1,104
77525.0,13,8.0,4,0.0,14,37,5,4.0,92,5,1,1,103
36195.0,8,4.0,4,5.0,23,51,6,4.0,36,5,0,1,26
43475.0,8,4.0,4,2.0,27,152,5,4.0,28,41,1,1,16
35040.0,14,4.0,4,1.0,14,155,6,4.0,28,5,0,1,75
64434.0,84,6.0,4,20.0,27,34,6,4.0,71,5,1,1,67
67422.0,19,6.0,0,27.0,6,37,5,4.0,27,5,1,1,104
61179.0,9,4.0,5,26.0,14,34,6,4.0,220,32,1,1,64
67650.0,9,4.0,5,555.0,14,150,6,4.0,126,32,1,2,64
61276.0,5,4.0,0,10.0,23,8,0,3.0,10,5,3,1,92
94895.0,22,6.0,4,1946.0,14,164,6,4.0,214,67,0,1,7
70115.0,28,6.0,4,8.0,0,158,6,4.0,28,9,1,1,31
77522.0,23,6.0,4,10.0,14,128,6,4.0,70,5,1,1,68
24105.0,11,4.0,4,12.0,28,114,6,4.0,77,15,2,1,96
28000.0,2,3.0,4,5.0,6,133,6,4.0,211,27,2,1,11
33390.0,14,4.0,4,10.0,14,120,6,4.0,74,5,2,1,75
60884.0,9,4.0,5,2.0,14,150,6,4.0,126,32,1,1,64
40880.0,75,4.0,4,24.0,27,52,6,4.0,4,5,0,1,26
35077.0,87,3.0,4,14.0,27,50,6,4.0,180,27,1,1,28
47290.0,74,4.0,4,3.0,27,78,6,4.0,11,41,0,1,12
44759.0,25,6.0,4,6.0,14,75,6,4.0,43,32,1,1,63
86490.0,28,6.0,4,6.0,0,61,6,4.0,28,40,1,1,31
84701.0,81,6.0,0,15.0,27,68,5,4.0,27,5,1,1,104
88695.0,22,6.0,4,9.0,14,164,6,4.0,199,5,0,1,7
33573.0,14,4.0,4,10.0,14,155,6,4.0,95,5,0,1,75
69017.0,5,4.0,0,10.0,23,9,4,3.0,116,5,3,1,92
60925.0,19,6.0,0,10.0,27,144,5,4.0,68,5,1,1,104
51965.0,60,6.0,4,8.0,27,122,6,4.0,96,5,0,1,77
74366.0,23,6.0,4,4.0,14,34,6,4.0,70,32,1,1,68
63670.0,81,6.0,0,22.0,27,144,5,4.0,80,23,1,1,104
35010.0,4,3.0,4,10.0,14,36,6,4.0,106,27,1,1,28
49900.0,22,6.0,4,0.0,14,22,6,4.0,121,5,0,1,84
75925.0,22,6.0,4,7.0,23,25,6,4.0,152,5,0,1,90
93303.0,81,6.0,0,10.0,27,68,5,4.0,93,5,1,1,104
58049.0,56,4.0,6,4.0,27,91,6,4.0,149,5,0,1,85
49260.0,66,6.0,4,10.0,27,31,6,4.0,43,32,1,1,65
52640.0,27,6.0,2,6.0,0,34,0,3.0,142,34,3,1,37
38040.0,14,4.0,4,1.0,14,123,6,4.0,28,5,0,1,75
32491.0,8,4.0,4,10.0,14,75,6,4.0,3,5,2,1,52
51725.0,8,4.0,4,7.0,16,35,6,4.0,124,5,0,1,89
58720.0,18,6.0,0,0.0,27,64,5,4.0,205,41,1,1,16
32995.0,14,4.0,4,10.0,14,120,6,4.0,74,5,2,1,75
47340.0,13,8.0,4,14.0,14,93,6,4.0,58,5,0,2,25
54800.0,22,6.0,4,0.0,14,23,6,4.0,170,76,0,1,84
49285.0,73,4.0,4,15.0,14,34,6,4.0,43,32,1,1,64
49895.0,36,4.0,4,0.0,4,59,6,4.0,97,5,0,1,26
28860.0,8,4.0,4,11.0,14,73,6,4.0,108,5,1,1,61
63440.0,9,4.0,5,5.0,14,34,6,4.0,126,32,1,1,64
57486.0,13,8.0,4,10.0,14,94,6,4.0,69,5,0,1,25
40085.0,9,4.0,5,16.0,6,94,6,4.0,34,5,0,1,26
57545.0,9,4.0,5,3.0,14,138,7,4.0,138,15,0,1,118
74391.0,46,6.0,4,85.0,27,34,0,3.0,142,79,0,1,39
44876.0,39,4.0,4,16.0,27,44,6,4.0,74,5,0,2,73
64965.0,81,6.0,0,16.0,27,144,5,4.0,93,23,1,1,104
38481.0,12,4.0,5,10.0,27,85,6,4.0,6,27,0,1,30
77085.0,81,6.0,0,16.0,27,68,5,4.0,145,5,1,1,104
58825.0,63,4.0,4,5.0,14,34,6,4.0,63,76,0,1,85
26335.0,11,4.0,4,12.0,28,114,6,4.0,39,15,2,1,96
49720.0,36,4.0,4,0.0,4,59,6,4.0,4,5,0,1,26
50565.0,8,4.0,4,0.0,14,39,5,4.0,28,41,1,1,16
38717.0,8,4.0,4,11.0,6,98,6,4.0,161,41,0,1,15
50415.0,8,4.0,4,6.0,23,79,6,4.0,55,41,2,1,13
50486.0,27,6.0,2,24.0,1,10,0,3.0,142,19,3,1,38
32406.0,37,4.0,4,11.0,19,4,6,4.0,61,5,2,1,116
40250.0,14,4.0,4,1.0,14,156,6,4.0,28,5,0,1,75
47340.0,13,8.0,4,11.0,14,93,6,4.0,58,5,0,2,25
29068.0,6,4.0,4,5.0,28,131,2,4.0,155,5,0,1,108
54620.0,77,6.0,4,0.0,14,23,6,4.0,0,63,0,0,83
38954.0,25,6.0,4,5.0,23,67,4,4.0,43,5,2,1,23
46510.0,25,6.0,4,6.0,28,110,6,4.0,176,33,0,1,97
40933.0,9,4.0,5,7.0,6,75,6,4.0,31,34,0,1,58
49395.0,74,4.0,4,5.0,15,163,6,4.0,116,16,3,1,6
28265.0,8,4.0,4,7.0,14,73,6,4.0,43,5,1,1,61
53750.0,40,8.0,4,0.0,27,147,5,2.0,43,23,1,1,103
88135.0,23,6.0,4,21.0,14,128,6,4.0,220,5,1,1,68
30798.0,4,3.0,4,8.0,27,115,6,4.0,6,63,2,1,30
62240.0,67,0.0,3,0.0,27,151,6,4.0,96,15,0,2,117
38300.0,74,4.0,4,24.0,27,150,6,4.0,43,64,1,2,61
25311.0,8,4.0,4,5.0,12,3,6,4.0,157,5,0,1,116
49201.0,62,6.0,4,10.0,14,71,6,4.0,123,32,1,1,65
29386.0,8,4.0,4,11.0,12,4,6,4.0,156,5,0,1,116
72835.0,23,6.0,4,20.0,14,34,6,4.0,70,32,1,2,68
28994.0,8,4.0,4,6.0,12,4,6,4.0,150,5,0,1,116
49895.0,36,4.0,4,0.0,4,59,6,4.0,107,5,0,1,26
36280.0,9,4.0,5,241.0,6,108,6,4.0,181,34,0,1,58
80374.0,28,6.0,4,13.0,0,75,6,4.0,28,9,1,1,31
51380.0,25,6.0,4,10.0,23,77,0,3.0,43,5,2,1,105
52180.0,36,4.0,4,0.0,4,59,6,4.0,37,5,0,1,26
28998.0,8,4.0,4,11.0,12,4,6,4.0,150,5,0,1,116
24979.0,33,4.0,4,5.0,30,118,6,4.0,178,15,2,1,96
50245.0,43,6.0,4,0.0,27,56,0,3.0,43,5,2,2,106
49082.0,73,4.0,4,51.0,14,34,6,4.0,43,77,1,1,64
32098.0,6,4.0,4,5.0,28,98,2,4.0,54,5,0,1,108
53791.0,9,4.0,5,11.0,14,34,6,4.0,220,32,1,1,64
49139.0,62,6.0,4,10.0,14,71,6,4.0,220,32,1,1,65
72135.0,28,6.0,4,7.0,0,158,6,4.0,28,9,1,1,31
37965.0,8,4.0,4,0.0,28,45,6,4.0,207,5,0,1,46
21000.0,57,4.0,4,5.0,27,103,2,4.0,125,5,2,1,74
37335.0,85,4.0,5,1.0,6,108,6,4.0,31,5,0,1,58
33785.0,14,4.0,4,1.0,14,155,6,4.0,166,5,0,1,75
35994.0,25,6.0,4,10.0,14,142,7,4.0,88,5,3,2,20
48268.0,10,8.0,4,3.0,0,92,5,2.0,210,41,3,1,42
45141.0,9,4.0,5,5.0,6,96,6,4.0,36,5,0,1,26
28098.0,37,4.0,4,66.0,11,3,6,4.0,61,36,0,1,116
24430.0,11,4.0,4,12.0,28,114,6,4.0,77,15,2,1,96
24430.0,11,4.0,4,12.0,28,114,6,4.0,212,15,2,1,96
25080.0,11,4.0,4,12.0,28,114,6,4.0,16,15,2,1,96
73960.0,16,4.0,4,5.0,23,35,7,4.0,134,5,0,1,87
46659.0,62,6.0,4,10.0,14,71,6,4.0,70,32,1,1,65
43490.0,9,4.0,5,18.0,6,94,6,4.0,96,5,0,1,26
47280.0,13,8.0,4,22.0,14,93,6,4.0,225,5,0,2,25
80927.0,49,6.0,0,11.0,27,69,5,4.0,223,5,1,1,104
33977.0,8,4.0,4,6.0,6,13,6,4.0,210,41,0,1,15
36550.0,8,4.0,4,4.0,14,158,5,4.0,47,9,0,1,35
37805.0,9,4.0,5,10.0,6,108,6,4.0,226,34,0,1,58
74625.0,23,6.0,4,10.0,14,128,6,4.0,182,32,1,1,67
43613.0,9,4.0,5,5.0,6,96,6,4.0,96,5,0,1,26
49836.0,66,6.0,4,7.0,27,31,6,4.0,187,32,1,1,65
27555.0,11,4.0,4,0.0,28,106,6,4.0,141,5,0,1,52
29305.0,4,3.0,4,10.0,14,30,6,4.0,47,27,2,1,30
40015.0,8,4.0,4,2.0,14,106,6,4.0,96,27,0,1,29
35195.0,14,4.0,4,10.0,14,123,6,4.0,74,5,2,1,75
35615.0,80,3.0,4,0.0,14,82,6,4.0,45,58,1,1,28
20842.0,11,4.0,4,4.0,28,103,7,4.0,102,15,2,1,102
43685.0,8,4.0,4,8.0,0,158,6,4.0,47,27,3,1,32
66770.0,23,6.0,4,20.0,14,34,6,4.0,187,32,1,1,68
48822.0,25,6.0,4,12.0,23,77,0,3.0,43,5,2,1,105
37220.0,9,4.0,5,5.0,6,108,6,4.0,67,34,0,1,58
67164.0,9,4.0,5,29.0,14,150,6,4.0,123,32,1,1,64
37309.0,9,4.0,5,5.0,6,108,6,4.0,7,5,0,1,58
77314.0,9,4.0,5,6.0,14,83,6,4.0,126,32,1,1,64
70312.0,9,4.0,5,24.0,14,83,6,4.0,126,32,1,1,64
36331.0,8,4.0,4,17.0,14,73,6,4.0,187,5,1,1,61
62343.0,9,4.0,5,11.0,14,34,6,4.0,43,32,1,1,64
67446.0,81,6.0,0,296.0,27,144,5,4.0,43,23,1,1,104
40835.0,85,4.0,5,16.0,27,75,6,4.0,7,5,0,1,58
54620.0,25,6.0,4,5.0,27,131,5,4.0,92,5,1,1,62
59674.0,66,6.0,4,8.0,27,75,6,4.0,71,32,1,1,65
69315.0,19,6.0,0,0.0,27,144,5,4.0,43,5,1,1,103
59037.0,5,4.0,0,10.0,23,135,0,3.0,10,5,3,1,92
49720.0,36,4.0,4,0.0,4,59,6,4.0,4,5,0,1,26
69085.0,23,6.0,4,20.0,14,34,6,4.0,70,5,1,1,67
43495.0,43,6.0,4,6.0,27,119,6,4.0,146,33,0,1,97
48995.0,50,8.0,4,31.0,27,152,5,4.0,222,41,3,1,17
